-- SAMPLE DATA --
-- =========================

INSERT INTO PickUpPal.Users (full_name, email, phone_number, role, password)
VALUES
('Alice Johnson', 'alice1@example.com', '0701001001', 'parent', 'pass123'),
('Bob Smith', 'bob2@example.com', '0701001002', 'parent', 'pass123'),
('Cynthia Ray', 'cynthia3@example.com', '0701001003', 'driver', 'pass123'),
('David Kim', 'david4@example.com', '0701001004', 'driver', 'pass123'),
('Eva Gomez', 'eva5@example.com', '0701001005', 'admin', 'pass123'),
('Frank Wu', 'frank6@example.com', '0701001006', 'parent', 'pass123'),
('Grace Liu', 'grace7@example.com', '0701001007', 'driver', 'pass123'),
('Henry Ford', 'henry8@example.com', '0701001008', 'parent', 'pass123'),
('Ivy Chen', 'ivy9@example.com', '0701001009', 'parent', 'pass123'),
('John Lee', 'john10@example.com', '0701001010', 'driver', 'pass123'),
('Kelly Tran', 'kelly11@example.com', '0701001011', 'parent', 'pass123'),
('Luke Grant', 'luke12@example.com', '0701001012', 'driver', 'pass123'),
('Mia Stone', 'mia13@example.com', '0701001013', 'parent', 'pass123'),
('Nina Park', 'nina14@example.com', '0701001014', 'driver', 'pass123'),
('Omar Ali', 'omar15@example.com', '0701001015', 'admin', 'pass123'),
('Paula Dean', 'paula16@example.com', '0701001016', 'parent', 'pass123'),
('Quinn Jones', 'quinn17@example.com', '0701001017', 'driver', 'pass123'),
('Rita Clark', 'rita18@example.com', '0701001018', 'parent', 'pass123'),
('Sam Bell', 'sam19@example.com', '0701001019', 'driver', 'pass123'),
('Tina White', 'tina20@example.com', '0701001020', 'admin', 'pass123'),
('Umar Dash', 'umar21@example.com', '0701001021', 'parent', 'pass123'),
('Vera Bloom', 'vera22@example.com', '0701001022', 'driver', 'pass123'),
('Wendy Shaw', 'wendy23@example.com', '0701001023', 'parent', 'pass123'),
('Xavier Moon', 'xavier24@example.com', '0701001024', 'driver', 'pass123'),
('Yara West', 'yara25@example.com', '0701001025', 'parent', 'pass123'),
('Zane Miles', 'zane26@example.com', '0701001026', 'driver', 'pass123'),
('Amy Pond', 'amy27@example.com', '0701001027', 'parent', 'pass123'),
('Ben Hardy', 'ben28@example.com', '0701001028', 'driver', 'pass123'),
('Cara Jones', 'cara29@example.com', '0701001029', 'parent', 'pass123'),
('Dan Roy', 'dan30@example.com', '0701001030', 'driver', 'pass123')
;

INSERT INTO PickUpPal.Students (full_name, grade, school_name, user_id)
VALUES
('Liam Johnson', 'Grade 3', 'Springfield Elementary', 1),
('Emma Smith', 'Grade 5', 'Greenwood Academy', 2),
('Noah Wu', 'Grade 4', 'Riverside School', 6),
('Olivia Ford', 'Grade 2', 'Springfield Elementary', 8),
('Ava Chen', 'Grade 1', 'Oakwood School', 9),
('Lucas Tran', 'Grade 3', 'Greenwood Academy', 11),
('Sophia Stone', 'Grade 6', 'Sunrise High', 13),
('Mason Park', 'Grade 5', 'Riverside School', 14),
('Isabella Dean', 'Grade 4', 'Oakwood School', 16),
('Ethan Jones', 'Grade 3', 'Greenwood Academy', 18),
('Mia Dash', 'Grade 2', 'Sunrise High', 21),
('Alexander Shaw', 'Grade 1', 'Oakwood School', 23),
('Charlotte West', 'Grade 6', 'Riverside School', 25),
('Amelia Pond', 'Grade 5', 'Greenwood Academy', 26),
('James Hardy', 'Grade 3', 'Sunrise High', 27),
('Emily Jones', 'Grade 2', 'Oakwood School', 29),
('Jacob Roy', 'Grade 1', 'Greenwood Academy', 30),
('Michael Bloom', 'Grade 4', 'Sunrise High', 1),
('Ella Clark', 'Grade 5', 'Oakwood School', 2),
('Daniel Grant', 'Grade 6', 'Riverside School', 6),
('Lily Liu', 'Grade 4', 'Springfield Elementary', 8),
('Logan Tran', 'Grade 3', 'Greenwood Academy', 9),
('Zoe Stone', 'Grade 2', 'Riverside School', 11),
('Harper White', 'Grade 1', 'Oakwood School', 13),
('Sebastian Bell', 'Grade 5', 'Sunrise High', 16),
('Aria Miles', 'Grade 3', 'Greenwood Academy', 18),
('Benjamin Roy', 'Grade 4', 'Riverside School', 21),
('Chloe Hardy', 'Grade 6', 'Oakwood School', 23),
('Nathan Bloom', 'Grade 5', 'Springfield Elementary', 25),
('Scarlett West', 'Grade 2', 'Greenwood Academy', 27)
;

INSERT INTO PickUpPal.Drivers (user_id, licence_plate, verified)
VALUES
(3, 'UBG1234A', TRUE),
(4, 'UBG2235B', TRUE),
(7, 'UBG3236C', FALSE),
(10, 'UBG4237D', TRUE),
(12, 'UBG5238E', TRUE),
(14, 'UBG6239F', TRUE),
(17, 'UBG7240G', FALSE),
(19, 'UBG8241H', TRUE),
(22, 'UBG9242I', FALSE),
(24, 'UBG0243J', TRUE),
(26, 'UBG1244K', TRUE),
(28, 'UBG2245L', TRUE),
(30, 'UBG3246M', TRUE),
(31, 'UBG4247N', FALSE),
(32, 'UBG5248O', TRUE),
(33, 'UBG6249P', TRUE),
(34, 'UBG7250Q', TRUE),
(35, 'UBG8251R', FALSE),
(36, 'UBG9252S', TRUE),
(37, 'UBG0253T', TRUE),
(38, 'UBG1254U', FALSE),
(39, 'UBG2255V', TRUE),
(40, 'UBG3256W', TRUE),
(41, 'UBG4257X', TRUE),
(42, 'UBG5258Y', TRUE),
(43, 'UBG6259Z', FALSE),
(44, 'UBG7260A', TRUE),
(45, 'UBG8261B', TRUE),
(46, 'UBG9262C', TRUE),
(47, 'UBG0263D', TRUE)
;

INSERT INTO PickUpPal.Vehicle (plate_number, model, capacity, year)
VALUES
('UBV101A', 'Toyota Hiace', 14, 2015),
('UBV102B', 'Nissan Caravan', 12, 2014),
('UBV103C', 'Ford Transit', 15, 2016),
('UBV104D', 'Isuzu Elf', 16, 2013),
('UBV105E', 'Toyota Noah', 10, 2017),
('UBV106F', 'Hyundai H1', 11, 2016),
('UBV107G', 'Mazda Bongo', 12, 2015),
('UBV108H', 'Suzuki Every', 8, 2012),
('UBV109I', 'Volkswagen Transporter', 10, 2018),
('UBV110J', 'Mercedes Sprinter', 15, 2019),
('UBV111K', 'Renault Trafic', 12, 2020),
('UBV112L', 'Peugeot Boxer', 14, 2021),
('UBV113M', 'Citroen Jumper', 14, 2022),
('UBV114N', 'Opel Vivaro', 13, 2017),
('UBV115O', 'Fiat Ducato', 14, 2020),
('UBV116P', 'Chevrolet Express', 12, 2015),
('UBV117Q', 'GMC Savana', 13, 2016),
('UBV118R', 'Honda Stepwgn', 10, 2014),
('UBV119S', 'Kia Carnival', 11, 2015),
('UBV120T', 'Subaru Exiga', 9, 2017),
('UBV121U', 'Ford Econoline', 15, 2011),
('UBV122V', 'Dodge Ram Van', 14, 2012),
('UBV123W', 'Iveco Daily', 16, 2018),
('UBV124X', 'MAN TGE', 15, 2019),
('UBV125Y', 'LDV Maxus', 14, 2020),
('UBV126Z', 'Hyundai Starex', 12, 2021),
('UBV127A', 'Nissan NV350', 13, 2019),
('UBV128B', 'Toyota Coaster', 22, 2022),
('UBV129C', 'Isuzu Journey', 18, 2023),
('UBV130D', 'Honda Freed', 8, 2020)
;

INSERT INTO PickUpPal.Routes (name, origin, destination, estimated_time)
VALUES
('Morning Route A', 'Zone 1', 'Hill School', '00:35:00'),
('Morning Route B', 'Zone 2', 'Riverside School', '00:30:00'),
('Morning Route C', 'Zone 3', 'Sunrise High', '00:40:00'),
('Morning Route D', 'Zone 4', 'Oakwood School', '00:25:00'),
('Morning Route E', 'Zone 5', 'Greenwood Academy', '00:50:00'),
('Afternoon Route A', 'Hill School', 'Zone 1', '00:30:00'),
('Afternoon Route B', 'Riverside School', 'Zone 2', '00:25:00'),
('Afternoon Route C', 'Sunrise High', 'Zone 3', '00:40:00'),
('Afternoon Route D', 'Oakwood School', 'Zone 4', '00:35:00'),
('Afternoon Route E', 'Greenwood Academy', 'Zone 5', '00:50:00'),
('Midday Route A', 'Zone 1', 'Hill School', '00:35:00'),
('Midday Route B', 'Zone 2', 'Riverside School', '00:30:00'),
('Midday Route C', 'Zone 3', 'Sunrise High', '00:40:00'),
('Midday Route D', 'Zone 4', 'Oakwood School', '00:25:00'),
('Midday Route E', 'Zone 5', 'Greenwood Academy', '00:50:00'),
('Late Route A', 'Zone 1', 'Hill School', '00:45:00'),
('Late Route B', 'Zone 2', 'Riverside School', '00:35:00'),
('Late Route C', 'Zone 3', 'Sunrise High', '00:55:00'),
('Late Route D', 'Zone 4', 'Oakwood School', '00:50:00'),
('Late Route E', 'Zone 5', 'Greenwood Academy', '00:60:00'),
('Weekend Route A', 'Zone 1', 'Sunrise High', '00:40:00'),
('Weekend Route B', 'Zone 2', 'Oakwood School', '00:30:00'),
('Weekend Route C', 'Zone 3', 'Greenwood Academy', '00:35:00'),
('Weekend Route D', 'Zone 4', 'Hill School', '00:25:00'),
('Weekend Route E', 'Zone 5', 'Riverside School', '00:45:00'),
('Route F', 'East Zone', 'North School', '00:40:00'),
('Route G', 'West Zone', 'South School', '00:42:00'),
('Route H', 'City Center', 'Sunset School', '00:30:00'),
('Route I', 'Hilltop', 'Lakeside School', '00:38:00'),
('Route J', 'Market Area', 'Downtown School', '00:28:00')
;

INSERT INTO PickUpPal.Trips (driver_id, route_id, trip_date, status) VALUES
(1, 1, '2025-07-01', 'scheduled'),
(2, 2, '2025-07-01', 'completed'),
(3, 3, '2025-07-01', 'completed'),
(4, 4, '2025-07-02', 'cancelled'),
(5, 5, '2025-07-02', 'scheduled'),
(6, 6, '2025-07-03', 'completed'),
(7, 7, '2025-07-03', 'in_progress'),
(8, 8, '2025-07-03', 'scheduled'),
(9, 9, '2025-07-04', 'cancelled'),
(10, 10, '2025-07-04', 'completed'),
(11, 1, '2025-07-05', 'scheduled'),
(12, 2, '2025-07-05', 'completed'),
(13, 3, '2025-07-06', 'scheduled'),
(14, 4, '2025-07-06', 'in_progress'),
(15, 5, '2025-07-07', 'scheduled'),
(16, 6, '2025-07-07', 'completed'),
(17, 7, '2025-07-08', 'cancelled'),
(18, 8, '2025-07-08', 'scheduled'),
(19, 9, '2025-07-09', 'completed'),
(20, 10, '2025-07-09', 'scheduled'),
(21, 1, '2025-07-10', 'completed'),
(22, 2, '2025-07-10', 'in_progress'),
(23, 3, '2025-07-11', 'scheduled'),
(24, 4, '2025-07-11', 'scheduled'),
(25, 5, '2025-07-12', 'cancelled'),
(26, 6, '2025-07-12', 'scheduled'),
(27, 7, '2025-07-13', 'completed'),
(28, 8, '2025-07-13', 'scheduled'),
(29, 9, '2025-07-14', 'completed'),
(30, 10, '2025-07-14', 'scheduled')
;

INSERT INTO PickUpPal.TripAttendance (trip_id, student_id, boarded_at, alighted_at, confirmed_by_driver) VALUES
(1, 1, NOW(), NOW() + INTERVAL 30 MINUTE, TRUE),
(2, 2, NOW(), NULL, FALSE),
(3, 3, NOW(), NOW() + INTERVAL 25 MINUTE, TRUE),
(4, 4, NULL, NULL, FALSE),
(5, 5, NOW(), NOW() + INTERVAL 35 MINUTE, TRUE),
(6, 6, NOW(), NOW() + INTERVAL 20 MINUTE, TRUE),
(7, 7, NULL, NULL, FALSE),
(8, 8, NOW(), NOW() + INTERVAL 15 MINUTE, TRUE),
(9, 9, NOW(), NULL, FALSE),
(10, 10, NOW(), NOW() + INTERVAL 40 MINUTE, TRUE),
(11, 11, NOW(), NOW() + INTERVAL 25 MINUTE, TRUE),
(12, 12, NOW(), NOW() + INTERVAL 30 MINUTE, TRUE),
(13, 13, NOW(), NULL, FALSE),
(14, 14, NOW(), NOW() + INTERVAL 30 MINUTE, TRUE),
(15, 15, NULL, NULL, FALSE),
(16, 16, NOW(), NOW() + INTERVAL 20 MINUTE, TRUE),
(17, 17, NOW(), NOW() + INTERVAL 15 MINUTE, TRUE),
(18, 18, NULL, NULL, FALSE),
(19, 19, NOW(), NOW() + INTERVAL 35 MINUTE, TRUE),
(20, 20, NOW(), NOW() + INTERVAL 30 MINUTE, TRUE),
(21, 21, NULL, NULL, FALSE),
(22, 22, NOW(), NOW() + INTERVAL 25 MINUTE, TRUE),
(23, 23, NOW(), NOW() + INTERVAL 30 MINUTE, TRUE),
(24, 24, NULL, NULL, FALSE),
(25, 25, NOW(), NOW() + INTERVAL 20 MINUTE, TRUE),
(26, 26, NOW(), NOW() + INTERVAL 15 MINUTE, TRUE),
(27, 27, NULL, NULL, FALSE),
(28, 28, NOW(), NOW() + INTERVAL 30 MINUTE, TRUE),
(29, 29, NOW(), NOW() + INTERVAL 25 MINUTE, TRUE),
(30, 30, NULL, NULL, FALSE)
;

INSERT INTO PickUpPal.Trip_Locations (trip_id, stop_name, stop_time, stop_order) VALUES
(1, 'Stop A', '07:00:00', 1),
(1, 'Stop B', '07:10:00', 2),
(2, 'Stop C', '07:05:00', 1),
(2, 'Stop D', '07:15:00', 2),
(3, 'Stop E', '07:00:00', 1),
(4, 'Stop F', '07:20:00', 1),
(5, 'Stop G', '07:30:00', 1),
(6, 'Stop H', '07:40:00', 1),
(7, 'Stop I', '07:50:00', 1),
(8, 'Stop J', '08:00:00', 1),
(9, 'Stop K', '08:10:00', 1),
(10, 'Stop L', '08:20:00', 1),
(11, 'Stop M', '08:30:00', 1),
(12, 'Stop N', '08:40:00', 1),
(13, 'Stop O', '08:50:00', 1),
(14, 'Stop P', '09:00:00', 1),
(15, 'Stop Q', '09:10:00', 1),
(16, 'Stop R', '09:20:00', 1),
(17, 'Stop S', '09:30:00', 1),
(18, 'Stop T', '09:40:00', 1),
(19, 'Stop U', '09:50:00', 1),
(20, 'Stop V', '10:00:00', 1),
(21, 'Stop W', '10:10:00', 1),
(22, 'Stop X', '10:20:00', 1),
(23, 'Stop Y', '10:30:00', 1),
(24, 'Stop Z', '10:40:00', 1),
(25, 'Stop AA', '10:50:00', 1),
(26, 'Stop AB', '11:00:00', 1),
(27, 'Stop AC', '11:10:00', 1),
(28, 'Stop AD', '11:20:00', 1),
(29, 'Stop AE', '11:30:00', 1);

INSERT INTO PickUpPal.Payments (parent_id, trip_id, amount, status) VALUES
(1, 1, 100.00, 'paid'),
(2, 2, 120.00, 'pending'),
(3, 3, 130.00, 'paid'),
(4, 4, 90.00, 'paid'),
(5, 5, 110.00, 'failed'),
(6, 6, 120.00, 'paid'),
(7, 7, 140.00, 'paid'),
(8, 8, 130.00, 'failed'),
(9, 9, 110.00, 'paid'),
(10, 10, 100.00, 'pending')
;

INSERT INTO PickUpPal.Payment_Methods (user_id, method_type, provider_name) VALUES
(1, 'card', 'Visa'),
(2, 'mobile_wallet', 'M-Pesa'),
(3, 'card', 'Mastercard'),
(4, 'bank_transfer', 'Equity Bank')
;

INSERT INTO PickUpPal.Alerts (driver_id, trip_id, alert_type, message) VALUES
(1, 1, 'breakdown', 'Engine overheating'),
(2, 2, 'accident', 'Minor collision'),
(3, 3, 'other', 'Unusual traffic jam')
;

INSERT INTO PickUpPal.Messages (sender_id, receiver_id, content) VALUES
(1, 2, 'Is my child picked up?'),
(2, 1, 'Yes, on the way.'),
(3, 3, 'Thank you!')
;

INSERT INTO PickUpPal.Guardians (student_id, full_name, phone_number, relationship) VALUES
(1, 'James Odhiambo', '0700123456', 'Father'),
(2, 'Kabelo Mo4thwa', '0763045887', 'Sister'),
(3, 'Aisha Khan', '0700987654', 'Aunt')
;

INSERT INTO PickUpPal.Ratings (trip_id, parent_id, driver_id, stars, comment) VALUES
(1, 1, 1, 5, 'Excellent service'),
(30, 30, 5, 4, 'Punctual and polite')
;

INSERT INTO PickUpPal.Schools (name, address, contact_email, phone_number) VALUES
('Hill School', 'Zone 1', 'hill@example.com', '0700100100'),
('Green Valley High', 'Zone 30', 'greenvalley@example.com', '0700300300')
;

INSERT INTO PickUpPal.Shifts (school_id, shift_name, start_time, end_time) VALUES
(1, 'Morning', '07:00:00', '12:00:00'),
(30, 'Evening', '15:00:00', '20:00:00')
;

INSERT INTO PickUpPal.StudentParentMap (student_id, parent_id, relationship) VALUES
(1, 1, 'father'),
(30, 30, 'guardian')
;


INSERT INTO DriverPayouts (driver_id, trip_id, amount, payout_status)
VALUES 
(12, 101, 150.00, 'processed'),
(13, 102, 135.50, 'processed'),
(14, 103, 120.00, 'pending'),
(15, 104, 160.00, 'processed'),
(16, 105, 145.75, 'pending'),
(12, 106, 158.20, 'failed'),
(14, 107, 132.00, 'processed'),
(15, 108, 142.00, 'processed'),
(13, 109, 119.99, 'pending'),
(12, 110, 178.45, 'processed'),
(16, 111, 160.00, 'processed'),
(12, 112, 149.00, 'pending'),
(15, 113, 170.00, 'processed'),
(14, 114, 132.90, 'processed'),
(13, 115, 130.00, 'pending'),
(15, 116, 124.00, 'processed'),
(16, 117, 140.00, 'processed'),
(13, 118, 120.00, 'pending'),
(12, 119, 158.00, 'processed'),
(14, 120, 130.00, 'pending'),
(15, 121, 142.50, 'processed'),
(13, 122, 137.00, 'processed'),
(16, 123, 122.25, 'pending'),
(12, 124, 162.75, 'processed'),
(14, 125, 144.00, 'processed'),
(13, 126, 156.00, 'failed'),
(15, 127, 129.00, 'processed'),
(16, 128, 132.00, 'processed'),
(12, 129, 140.25, 'processed'),
(14, 130, 136.00, 'pending'),
(15, 131, 138.00, 'processed'),
(13, 132, 126.50, 'processed'),
(16, 133, 119.00, 'processed'),
(12, 134, 149.25, 'pending'),
(14, 135, 154.50, 'processed'),
(13, 136, 128.00, 'processed'),
(15, 137, 141.00, 'pending'),
(16, 138, 122.00, 'processed'),
(12, 139, 160.50, 'processed'),
(14, 140, 150.00, 'processed'),
(13, 141, 132.00, 'processed'),
(16, 142, 135.00, 'pending'),
(12, 143, 143.50, 'processed'),
(15, 144, 139.00, 'processed'),
(13, 145, 140.75, 'pending'),
(14, 146, 138.50, 'processed'),
(16, 147, 133.00, 'processed'),
(15, 148, 137.00, 'processed'),
(12, 149, 129.50, 'processed'),
(13, 150, 142.00, 'processed');

INSERT INTO Documents (user_id, type, file_url, verified_at)
VALUES
(11, 'license', '/docs/driver11_license.pdf', NOW()),
(12, 'ID', '/docs/driver12_id.pdf', NOW()),
(13, 'permit', '/docs/driver13_permit.pdf', NULL),
(14, 'license', '/docs/driver14_license.pdf', NOW()),
(15, 'ID', '/docs/driver15_id.pdf', NOW()),
(16, 'permit', '/docs/driver16_permit.pdf', NULL),
(17, 'license', '/docs/driver17_license.pdf', NOW()),
(18, 'ID', '/docs/driver18_id.pdf', NULL),
(19, 'permit', '/docs/driver19_permit.pdf', NOW()),
(20, 'license', '/docs/driver20_license.pdf', NOW()),
(21, 'ID', '/docs/driver21_id.pdf', NULL),
(22, 'permit', '/docs/driver22_permit.pdf', NOW()),
(23, 'license', '/docs/driver23_license.pdf', NULL),
(24, 'ID', '/docs/driver24_id.pdf', NOW()),
(25, 'permit', '/docs/driver25_permit.pdf', NOW()),
(26, 'license', '/docs/driver26_license.pdf', NOW()),
(27, 'ID', '/docs/driver27_id.pdf', NULL),
(28, 'permit', '/docs/driver28_permit.pdf', NOW()),
(29, 'license', '/docs/driver29_license.pdf', NOW()),
(30, 'ID', '/docs/driver30_id.pdf', NOW()),
(31, 'permit', '/docs/driver31_permit.pdf', NOW()),
(32, 'license', '/docs/driver32_license.pdf', NULL),
(33, 'ID', '/docs/driver33_id.pdf', NOW()),
(34, 'permit', '/docs/driver34_permit.pdf', NOW()),
(35, 'license', '/docs/driver35_license.pdf', NOW()),
(36, 'ID', '/docs/driver36_id.pdf', NULL),
(37, 'permit', '/docs/driver37_permit.pdf', NOW()),
(38, 'license', '/docs/driver38_license.pdf', NOW()),
(39, 'ID', '/docs/driver39_id.pdf', NOW()),
(40, 'permit', '/docs/driver40_permit.pdf', NULL),
(41, 'license', '/docs/driver41_license.pdf', NOW()),
(42, 'ID', '/docs/driver42_id.pdf', NOW()),
(43, 'permit', '/docs/driver43_permit.pdf', NOW()),
(44, 'license', '/docs/driver44_license.pdf', NOW()),
(45, 'ID', '/docs/driver45_id.pdf', NOW()),
(46, 'permit', '/docs/driver46_permit.pdf', NOW()),
(47, 'license', '/docs/driver47_license.pdf', NOW()),
(48, 'ID', '/docs/driver48_id.pdf', NULL),
(49, 'permit', '/docs/driver49_permit.pdf', NOW()),
(50, 'license', '/docs/driver50_license.pdf', NOW()),
(51, 'ID', '/docs/driver51_id.pdf', NOW()),
(52, 'permit', '/docs/driver52_permit.pdf', NOW()),
(53, 'license', '/docs/driver53_license.pdf', NOW()),
(54, 'ID', '/docs/driver54_id.pdf', NOW()),
(55, 'permit', '/docs/driver55_permit.pdf', NOW()),
(56, 'license', '/docs/driver56_license.pdf', NOW()),
(57, 'ID', '/docs/driver57_id.pdf', NULL),
(58, 'permit', '/docs/driver58_permit.pdf', NOW()),
(59, 'license', '/docs/driver59_license.pdf', NOW()),
(60, 'ID', '/docs/driver60_id.pdf', NOW());

INSERT INTO AuditLogs (user_id, action, ip_address)
VALUES
(11, 'Created Trip', '192.168.0.11'),
(12, 'Updated Profile', '192.168.0.12'),
(13, 'Deleted Message', '192.168.0.13'),
(14, 'Sent Alert', '192.168.0.14'),
(15, 'Verified Document', '192.168.0.15'),
(16, 'Changed Password', '192.168.0.16'),
(17, 'Scheduled Trip', '192.168.0.17'),
(18, 'Cancelled Trip', '192.168.0.18'),
(19, 'Updated Trip', '192.168.0.19'),
(20, 'Sent Message', '192.168.0.20'),
(21, 'Created Payment', '192.168.0.21'),
(22, 'Updated Payout', '192.168.0.22'),
(23, 'Added Document', '192.168.0.23'),
(24, 'Modified Route', '192.168.0.24'),
(25, 'Removed Guardian', '192.168.0.25'),
(26, 'Registered Student', '192.168.0.26'),
(27, 'Logged In', '192.168.0.27'),
(28, 'Reset Password', '192.168.0.28'),
(29, 'Sent SOS Alert', '192.168.0.29'),
(30, 'Updated School Info', '192.168.0.30'),
(31, 'Verified Attendance', '192.168.0.31'),
(32, 'Rated Trip', '192.168.0.32'),
(33, 'Downloaded Invoice', '192.168.0.33'),
(34, 'Updated Vehicle', '192.168.0.34'),
(35, 'Modified Shift', '192.168.0.35'),
(36, 'Assigned Driver', '192.168.0.36'),
(37, 'Sent Parent Message', '192.168.0.37'),
(38, 'Edited TripLocation', '192.168.0.38'),
(39, 'Confirmed Payment', '192.168.0.39'),
(40, 'Checked DriverRating', '192.168.0.40'),
(41, 'Sent Notification', '192.168.0.41'),
(42, 'Generated Report', '192.168.0.42'),
(43, 'Manually Added Trip', '192.168.0.43'),
(44, 'Unlinked Guardian', '192.168.0.44'),
(45, 'Created Account', '192.168.0.45'),
(46, 'Updated Shift', '192.168.0.46'),
(47, 'Exported Data', '192.168.0.47'),
(48, 'Synced Attendance', '192.168.0.48'),
(49, 'Driver Reassigned', '192.168.0.49'),
(50, 'Alert Acknowledged', '192.168.0.50'),
(11, 'Reassigned Route', '192.168.0.51'),
(12, 'Trip Manually Closed', '192.168.0.52'),
(13, 'Disabled Driver', '192.168.0.53'),
(14, 'Enabled Account', '192.168.0.54'),
(15, 'Billed Monthly Fee', '192.168.0.55'),
(16, 'Trip Auto-Completed', '192.168.0.56'),
(17, 'Location Updated', '192.168.0.57'),
(18, 'View School Profile', '192.168.0.58'),
(19, 'Updated Emergency Contact', '192.168.0.59'),
(20, 'Added Child to Map', '192.168.0.60');





